{
  "Version": "2012-10-17",
  "Statement": [
    {
      "Sid": "LambdaDeployment",
      "Effect": "Allow",
      "Action": [
        "lambda:CreateFunction",
        "lambda:UpdateFunctionCode",
        "lambda:UpdateFunctionConfiguration",
        "lambda:GetFunction",
        "lambda:GetFunctionConfiguration",
        "lambda:GetPolicy",
        "lambda:DeleteFunction",
        "lambda:ListFunctions",
        "lambda:ListVersionsByFunction",
        "lambda:PublishVersion",
        "lambda:CreateAlias",
        "lambda:UpdateAlias",
        "lambda:GetAlias",
        "lambda:ListAliases",
        "lambda:AddPermission",
        "lambda:RemovePermission",
        "lambda:InvokeFunction",
        "lambda:TagResource",
        "lambda:UntagResource",
        "lambda:ListTags"
      ],
      "Resource": [
        "arn:aws:lambda:us-east-1:*:function:bank-service-*"
      ]
    },
    {
      "Sid": "LambdaListGlobal",
      "Effect": "Allow",
      "Action": [
        "lambda:ListFunctions",
        "lambda:ListVersionsByFunction"
      ],
      "Resource": "*"
    },
    {
      "Sid": "IAMRoleForLambda",
      "Effect": "Allow",
      "Action": [
        "iam:GetRole",
        "iam:PassRole",
        "iam:CreateRole",
        "iam:DeleteRole",
        "iam:AttachRolePolicy",
        "iam:DetachRolePolicy",
        "iam:PutRolePolicy",
        "iam:DeleteRolePolicy",
        "iam:GetRolePolicy",
        "iam:TagRole",
        "iam:UntagRole"
      ],
      "Resource": [
        "arn:aws:iam::*:role/bank-service-*"
      ]
    },
    {
      "Sid": "APIGatewayManagement",
      "Effect": "Allow",
      "Action": [
        "apigateway:GET",
        "apigateway:POST",
        "apigateway:PUT",
        "apigateway:PATCH",
        "apigateway:DELETE",
        "apigateway:UpdateRestApiPolicy",
        "apigateway:TagResource",
        "apigateway:UntagResource"
      ],
      "Resource": [
        "arn:aws:apigateway:us-east-1::/restapis",
        "arn:aws:apigateway:us-east-1::/restapis/*",
        "arn:aws:apigateway:us-east-1::/apis",
        "arn:aws:apigateway:us-east-1::/apis/*",
        "arn:aws:apigateway:us-east-1::/apis/*/stages",
        "arn:aws:apigateway:us-east-1::/apis/*/stages/*",
        "arn:aws:apigateway:us-east-1::/tags/*"
      ]
    },
    {
      "Sid": "CloudFormationStack",
      "Effect": "Allow",
      "Action": [
        "cloudformation:CreateStack",
        "cloudformation:UpdateStack",
        "cloudformation:DeleteStack",
        "cloudformation:CancelUpdateStack",
        "cloudformation:DescribeStacks",
        "cloudformation:DescribeStackEvents",
        "cloudformation:DescribeStackResource",
        "cloudformation:DescribeStackResources",
        "cloudformation:GetTemplate",
        "cloudformation:ListStackResources",
        "cloudformation:CreateChangeSet",
        "cloudformation:DescribeChangeSet",
        "cloudformation:ExecuteChangeSet",
        "cloudformation:DeleteChangeSet",
        "cloudformation:ListChangeSets"
      ],
      "Resource": [
        "arn:aws:cloudformation:us-east-1:*:stack/bank-service-*/*"
      ]
    },
    {
      "Sid": "CloudFormationValidateTemplate",
      "Effect": "Allow",
      "Action": [
        "cloudformation:ValidateTemplate"
      ],
      "Resource": "*"
    },
    {
      "Sid": "S3ServerlessDeployment",
      "Effect": "Allow",
      "Action": [
        "s3:CreateBucket",
        "s3:DeleteBucket",
        "s3:ListBucket",
        "s3:ListBucketVersions",
        "s3:GetObject",
        "s3:GetObjectVersion",
        "s3:PutObject",
        "s3:DeleteObject",
        "s3:GetBucketLocation",
        "s3:GetBucketPolicy",
        "s3:PutBucketPolicy",
        "s3:DeleteBucketPolicy",
        "s3:GetBucketVersioning",
        "s3:PutBucketVersioning",
        "s3:GetBucketAcl",
        "s3:PutBucketAcl",
        "s3:GetEncryptionConfiguration",
        "s3:PutEncryptionConfiguration",
        "s3:PutBucketTagging",
        "s3:GetBucketTagging"
      ],
      "Resource": [
        "arn:aws:s3:::bank-service-*",
        "arn:aws:s3:::bank-service-*/*"
      ]
    },
    {
      "Sid": "CloudWatchLogs",
      "Effect": "Allow",
      "Action": [
        "logs:CreateLogGroup",
        "logs:CreateLogStream",
        "logs:DeleteLogGroup",
        "logs:DescribeLogGroups",
        "logs:DescribeLogStreams",
        "logs:PutRetentionPolicy",
        "logs:DeleteRetentionPolicy",
        "logs:TagLogGroup"
      ],
      "Resource": [
        "arn:aws:logs:us-east-1:*:log-group:/aws/lambda/bank-service-*",
        "arn:aws:logs:us-east-1:*:log-group:/aws/lambda/bank-service-*:*"
      ]
    },
    {
      "Sid": "SystemsManagerParameters",
      "Effect": "Allow",
      "Action": [
        "ssm:GetParameter",
        "ssm:GetParameters",
        "ssm:GetParametersByPath",
        "ssm:DescribeParameters"
      ],
      "Resource": [
        "arn:aws:ssm:us-east-1:*:parameter/smartia/production/*"
      ]
    },
    {
      "Sid": "STSIdentity",
      "Effect": "Allow",
      "Action": [
        "sts:GetCallerIdentity"
      ],
      "Resource": "*"
    },
    {
      "Sid": "EventBridgeRules",
      "Effect": "Allow",
      "Action": [
        "events:PutRule",
        "events:RemoveTargets",
        "events:PutTargets",
        "events:DeleteRule",
        "events:DescribeRule"
      ],
      "Resource": [
        "arn:aws:events:us-east-1:*:rule/bank-service-*"
      ]
    }
  ]
}
